https://img3.doubanio.com/view/photo/s_ratio_poster/public/p2647381880.jpg,叛逆者,5.0,https://movie.douban.com/subject/34949767/?tag=%E7%83%AD%E9%97%A8&from=gaia_video,剧情/悬疑,80964,2011
https://img9.doubanio.com/view/photo/s_ratio_poster/public/p2631873666.jpg,觉醒年代,5.0,https://movie.douban.com/subject/30228394/?tag=%E7%83%AD%E9%97%A8&from=gaia_video,剧情,32183,2011
https://img1.doubanio.com/view/photo/s_ratio_poster/public/p2591427788.jpg,我买了一个农场,9.3,https://movie.douban.com/subject/34839005/?tag=%E7%83%AD%E9%97%A8&from=gaia,真人秀,4892,2011
https://img2.doubanio.com/view/photo/s_ratio_poster/public/p2636764601.jpg,大人物,9.5,https://movie.douban.com/subject/34894563/?tag=%E7%83%AD%E9%97%A8&from=gaia,剧情/喜剧/运动,99563,2015
https://img9.doubanio.com/view/photo/s_ratio_poster/public/p2653993565.jpg,诸神的黄昏 第二季,7.7,https://movie.douban.com/subject/35011287/?tag=%E7%83%AD%E9%97%A8&from=gaia,剧情/悬疑/奇幻,29691,2020
https://img1.doubanio.com/view/photo/s_ratio_poster/public/p2646859929.jpg,洛基 第一季,6.5,https://movie.douban.com/subject/30331432/?tag=%E7%83%AD%E9%97%A8&from=gaia,动作/科幻/奇幻/冒险,73439,2010
https://img2.doubanio.com/view/photo/s_ratio_poster/public/p2651574363.jpg,致命女人 第二季,9.2,https://movie.douban.com/subject/34859070/?tag=%E7%83%AD%E9%97%A8&from=gaia,剧情/喜剧/犯罪,85808,2010
https://img1.doubanio.com/view/photo/s_ratio_poster/public/p2637878518.jpg,东城梦魇,8.8,https://movie.douban.com/subject/30441731/?tag=%E7%83%AD%E9%97%A8&from=gaia,剧情/悬疑/犯罪,18419,2020
https://img1.doubanio.com/view/photo/s_ratio_poster/public/p2641067647.jpg,以你的心诠释我的爱 第二季,9.0,https://movie.douban.com/subject/35259422/?tag=%E7%83%AD%E9%97%A8&from=gaia,爱情/同性,30560,2011
https://img2.doubanio.com/view/photo/s_ratio_poster/public/p2652208493.jpg,御赐小仵作,6.3,https://movie.douban.com/subject/32581207/?tag=%E7%83%AD%E9%97%A8&from=gaia_video,剧情/悬疑/古装,73517,2017
https://img1.doubanio.com/view/photo/s_ratio_poster/public/p2641916348.jpg,Move to Heaven：我是遗物整理师,8.2,https://movie.douban.com/subject/34929977/?tag=%E7%83%AD%E9%97%A8&from=gaia,剧情,84004,2012
https://img1.doubanio.com/view/photo/s_ratio_poster/public/p2649433827.jpg,月光变奏曲,9.1,https://movie.douban.com/subject/35058573/?tag=%E7%83%AD%E9%97%A8&from=gaia_video,剧情/爱情,55445,2021
https://img2.doubanio.com/view/photo/s_ratio_poster/public/p2645143151.jpg,心惊胆战的同居,7.1,https://movie.douban.com/subject/35131294/?tag=%E7%83%AD%E9%97%A8&from=gaia,剧情/喜剧/爱情/奇幻,81779,2021
https://img1.doubanio.com/view/photo/s_ratio_poster/public/p2626881037.jpg,时光代理人,8.1,https://movie.douban.com/subject/35263440/?tag=%E7%83%AD%E9%97%A8&from=gaia_video,动画,81279,2021
https://img2.doubanio.com/view/photo/s_ratio_poster/public/p2654728011.jpg,爱上特种兵,8.2,https://movie.douban.com/subject/34908097/?tag=%E7%83%AD%E9%97%A8&from=gaia_video,剧情/爱情,17840,2011
https://img2.doubanio.com/view/photo/s_ratio_poster/public/p2651779062.jpg,光荣与梦想,9.0,https://movie.douban.com/subject/35041927/?tag=%E7%83%AD%E9%97%A8&from=gaia_video,剧情/历史,54074,2017
https://img1.doubanio.com/view/photo/s_ratio_poster/public/p2642879178.jpg,大豆田永久子与三名前夫,8.9,https://movie.douban.com/subject/35365608/?tag=%E7%83%AD%E9%97%A8&from=gaia,剧情/喜剧/爱情,38326,2019
https://img2.doubanio.com/view/photo/s_ratio_poster/public/p2654980661.jpg,我的青铜时代,7.6,https://movie.douban.com/subject/35482272/?tag=%E7%83%AD%E9%97%A8&from=gaia_video,脱口秀,61527,2018
https://img9.doubanio.com/view/photo/s_ratio_poster/public/p2649090146.jpg,顶楼 第三季,9.3,https://movie.douban.com/subject/35306372/?tag=%E7%83%AD%E9%97%A8&from=gaia,剧情/悬疑,30755,2010
https://img9.doubanio.com/view/photo/s_ratio_poster/public/p2651514826.jpg,眷思量,9.3,https://movie.douban.com/subject/33717831/?tag=%E7%83%AD%E9%97%A8&from=gaia,动画/奇幻,98441,2014
https://img9.doubanio.com/view/photo/s_ratio_poster/public/p2622131925.jpg,以你的心诠释我的爱,9.3,https://movie.douban.com/subject/34979008/?tag=%E7%83%AD%E9%97%A8&from=gaia,剧情/爱情/同性,80027,2019
https://img9.doubanio.com/view/photo/s_ratio_poster/public/p2645092056.jpg,9号秘事 第六季,8.0,https://movie.douban.com/subject/34988709/?tag=%E7%83%AD%E9%97%A8&from=gaia,喜剧/悬疑/惊悚,33079,2010
https://img1.doubanio.com/view/photo/s_ratio_poster/public/p2630904628.jpg,山海情,8.2,https://movie.douban.com/subject/35033654/?tag=%E7%83%AD%E9%97%A8&from=gaia_video,剧情,67196,2021
https://img1.doubanio.com/view/photo/s_ratio_poster/public/p2575362797.jpg,庆余年 第一季,8.6,https://movie.douban.com/subject/25853071/?tag=%E7%83%AD%E9%97%A8&from=gaia_video,剧情/古装,8466,2018
https://img9.doubanio.com/view/photo/s_ratio_poster/public/p2648998976.jpg,鹿角男孩,5.6,https://movie.douban.com/subject/35448534/?tag=%E7%83%AD%E9%97%A8&from=gaia,剧情/奇幻/冒险,59430,2015
https://img2.doubanio.com/view/photo/s_ratio_poster/public/p2633696791.jpg,山河令,8.5,https://movie.douban.com/subject/34923491/?tag=%E7%83%AD%E9%97%A8&from=gaia_video,剧情/武侠/古装,92834,2013
https://img1.doubanio.com/view/photo/s_ratio_poster/public/p2648552268.jpg,萌探探探案,9.2,https://movie.douban.com/subject/35231928/?tag=%E7%83%AD%E9%97%A8&from=gaia_video,真人秀,13040,2014
https://img3.doubanio.com/view/photo/s_ratio_poster/public/p2639035790.jpg,无罪之最,8.6,https://movie.douban.com/subject/34926405/?tag=%E7%83%AD%E9%97%A8&from=gaia,剧情/悬疑/惊悚/犯罪,37757,2018
https://img2.doubanio.com/view/photo/s_ratio_poster/public/p2641570601.jpg,短剧开始啦,7.7,https://movie.douban.com/subject/35358556/?tag=%E7%83%AD%E9%97%A8&from=gaia,剧情/喜剧,60286,2012
https://img2.doubanio.com/view/photo/s_ratio_poster/public/p2639385663.jpg,窥探,7.0,https://movie.douban.com/subject/35027568/?tag=%E7%83%AD%E9%97%A8&from=gaia,剧情/悬疑/犯罪,82327,2018
https://img3.doubanio.com/view/photo/s_ratio_poster/public/p2641097260.jpg,某天，灭亡从我家玄关进来了,7.0,https://movie.douban.com/subject/35087745/?tag=%E7%83%AD%E9%97%A8&from=gaia,剧情,13542,2014
https://img9.doubanio.com/view/photo/s_ratio_poster/public/p2643199694.jpg,向往的生活 第五季,6.1,https://movie.douban.com/subject/35404034/?tag=%E7%83%AD%E9%97%A8&from=gaia_video,真人秀,6048,2018
https://img2.doubanio.com/view/photo/s_ratio_poster/public/p2642488652.jpg,逆天奇案,8.4,https://movie.douban.com/subject/34822460/?tag=%E7%83%AD%E9%97%A8&from=gaia_video,剧情/悬疑,56683,2016
https://img1.doubanio.com/view/photo/s_ratio_poster/public/p2651378827.jpg,五十公里桃花坞,8.8,https://movie.douban.com/subject/35236744/?tag=%E7%83%AD%E9%97%A8&from=gaia,真人秀,38256,2019
https://img2.doubanio.com/view/photo/s_ratio_poster/public/p2567702923.jpg,禁忌女孩,9.2,https://movie.douban.com/subject/30327894/?tag=%E7%83%AD%E9%97%A8&from=gaia,剧情/惊悚/犯罪,80481,2020
https://img9.doubanio.com/view/photo/s_ratio_poster/public/p2642524306.jpg,至上之法,9.7,https://movie.douban.com/subject/35131287/?tag=%E7%83%AD%E9%97%A8&from=gaia,剧情,91182,2012
https://img3.doubanio.com/view/photo/s_ratio_poster/public/p2655746930.jpg,放学别走,9.0,https://movie.douban.com/subject/34771989/?tag=%E7%83%AD%E9%97%A8&from=gaia,剧情,31052,2010
https://img2.doubanio.com/view/photo/s_ratio_poster/public/p2632657962.jpg,致不灭的你,9.1,https://movie.douban.com/subject/34941837/?tag=%E7%83%AD%E9%97%A8&from=gaia_video,动画/奇幻/冒险,62449,2014
https://img3.doubanio.com/view/photo/s_ratio_poster/public/p2650238070.jpg,双世宠妃Ⅲ,7.5,https://movie.douban.com/subject/30373779/?tag=%E7%83%AD%E9%97%A8&from=gaia_video,爱情/古装,73802,2010
https://img9.doubanio.com/view/photo/s_ratio_poster/public/p2642192924.jpg,理想照耀中国,8.4,https://movie.douban.com/subject/35209733/?tag=%E7%83%AD%E9%97%A8&from=gaia_video,剧情,42121,2011
https://img9.doubanio.com/view/photo/s_ratio_poster/public/p2643367766.jpg,春季露营,9.0,https://movie.douban.com/subject/35424801/?tag=%E7%83%AD%E9%97%A8&from=gaia,真人秀,48031,2018
https://img1.doubanio.com/view/photo/s_ratio_poster/public/p2637408818.jpg,火神的眼泪,6.8,https://movie.douban.com/subject/34927980/?tag=%E7%83%AD%E9%97%A8&from=gaia,剧情/动作,37472,2019
https://img2.doubanio.com/view/photo/s_ratio_poster/public/p2620780603.jpg,沉默的真相,9.1,https://movie.douban.com/subject/33447642/?tag=%E7%83%AD%E9%97%A8&from=gaia_video,剧情/悬疑/犯罪,32462,2010
https://img3.doubanio.com/view/photo/s_ratio_poster/public/p2651774480.jpg,猎狼者,9.7,https://movie.douban.com/subject/35133009/?tag=%E7%83%AD%E9%97%A8&from=gaia_video,剧情/犯罪,312,2020
https://img3.doubanio.com/view/photo/s_ratio_poster/public/p2641113370.jpg,禁忌女孩2,8.7,https://movie.douban.com/subject/35192206/?tag=%E7%83%AD%E9%97%A8&from=gaia,剧情/惊悚/犯罪/奇幻,30956,2012
https://img9.doubanio.com/view/photo/s_ratio_poster/public/p2621201524.jpg,后翼弃兵,7.6,https://movie.douban.com/subject/32579283/?tag=%E7%83%AD%E9%97%A8&from=gaia,剧情,44839,2020
https://img2.doubanio.com/view/photo/s_ratio_poster/public/p2641221021.jpg,爱，死亡和机器人 第二季,9.4,https://movie.douban.com/subject/34418203/?tag=%E7%83%AD%E9%97%A8&from=gaia,喜剧/科幻/动画/恐怖/短片/奇幻,64561,2011
https://img1.doubanio.com/view/photo/s_ratio_poster/public/p2413247968.jpg,四重奏,9.6,https://movie.douban.com/subject/26895171/?tag=%E7%83%AD%E9%97%A8&from=gaia_video,剧情/爱情/悬疑,56594,2013
https://img9.doubanio.com/view/photo/s_ratio_poster/public/p2272563445.jpg,请回答1988,8.2,https://movie.douban.com/subject/26302614/?tag=%E7%83%AD%E9%97%A8&from=gaia_video,剧情/喜剧/爱情,35657,2010
https://img2.doubanio.com/view/photo/s_ratio_poster/public/p2639324951.jpg,五月的青春,8.4,https://movie.douban.com/subject/35296160/?tag=%E7%83%AD%E9%97%A8&from=gaia,剧情/爱情,25395,2016
https://img2.doubanio.com/view/photo/s_ratio_poster/public/p2635182901.jpg,你是我的城池营垒,9.3,https://movie.douban.com/subject/30483667/?tag=%E7%83%AD%E9%97%A8&from=gaia_video,爱情,29824,2010
https://img2.doubanio.com/view/photo/s_ratio_poster/public/p2631090442.jpg,奇巧计程车,7.3,https://movie.douban.com/subject/35332568/?tag=%E7%83%AD%E9%97%A8&from=gaia,动画,63447,2013
https://img1.doubanio.com/view/photo/s_ratio_poster/public/p2199638898.jpg,白色巨塔,7.5,https://movie.douban.com/subject/2150220/?tag=%E7%83%AD%E9%97%A8&from=gaia_video,剧情,79584,2012
https://img2.doubanio.com/view/photo/s_ratio_poster/public/p2637459961.jpg,模范出租车,6.7,https://movie.douban.com/subject/35231436/?tag=%E7%83%AD%E9%97%A8&from=gaia,剧情,29668,2013
https://img3.doubanio.com/view/photo/s_ratio_poster/public/p2636874360.jpg,恰好是少年,8.7,https://movie.douban.com/subject/35236745/?tag=%E7%83%AD%E9%97%A8&from=gaia_video,真人秀,74173,2016
https://img1.doubanio.com/view/photo/s_ratio_poster/public/p2640274177.jpg,明星大侦探之名侦探学院 第四季,9.4,https://movie.douban.com/subject/35400235/?tag=%E7%83%AD%E9%97%A8&from=gaia,真人秀,28687,2016
https://img9.doubanio.com/view/photo/s_ratio_poster/public/p2653027506.jpg,密室大逃脱 第三季,9.0,https://movie.douban.com/subject/35408519/?tag=%E7%83%AD%E9%97%A8&from=gaia_video,悬疑/真人秀,72914,2016
https://img1.doubanio.com/view/photo/s_ratio_poster/public/p2641603537.jpg,我的,9.4,https://movie.douban.com/subject/35312365/?tag=%E7%83%AD%E9%97%A8&from=gaia,悬疑,11116,2020
https://img2.doubanio.com/view/photo/s_ratio_poster/public/p2623361633.jpg,顶楼 第一季,9.2,https://movie.douban.com/subject/34937895/?tag=%E7%83%AD%E9%97%A8&from=gaia,剧情,70406,2019
https://img2.doubanio.com/view/photo/s_ratio_poster/public/p2645284481.jpg,彷徨之刃,9.8,https://movie.douban.com/subject/35335940/?tag=%E7%83%AD%E9%97%A8&from=gaia,悬疑/犯罪,88185,2017
https://img1.doubanio.com/view/photo/s_ratio_poster/public/p2510604929.jpg,非自然死亡,9.5,https://movie.douban.com/subject/27140017/?tag=%E7%83%AD%E9%97%A8&from=gaia_video,剧情/悬疑,55493,2011
https://img2.doubanio.com/view/photo/s_ratio_poster/public/p2623285621.jpg,机智的恋爱生活,8.2,https://movie.douban.com/subject/35020499/?tag=%E7%83%AD%E9%97%A8&from=gaia_video,爱情,55025,2018
https://img2.doubanio.com/view/photo/s_ratio_poster/public/p2628036511.jpg,旺达幻视,7.3,https://movie.douban.com/subject/30331433/?tag=%E7%83%AD%E9%97%A8&from=gaia,剧情/科幻,95665,2012
https://img1.doubanio.com/view/photo/s_ratio_poster/public/p2271982968.jpg,琅琊榜,8.7,https://movie.douban.com/subject/25754848/?tag=%E7%83%AD%E9%97%A8&from=gaia_video,剧情/古装,1519,2012
https://img2.doubanio.com/view/photo/s_ratio_poster/public/p1480046723.jpg,后宫·甄嬛传,7.6,https://movie.douban.com/subject/4922787/?tag=%E7%83%AD%E9%97%A8&from=gaia_video,剧情/古装,97274,2018
https://img1.doubanio.com/view/photo/s_ratio_poster/public/p2187822907.jpg,老友记 第十季,8.0,https://movie.douban.com/subject/3286552/?tag=%E7%83%AD%E9%97%A8&from=gaia,喜剧/爱情,23677,2010
https://img1.doubanio.com/view/photo/s_ratio_poster/public/p2586800409.jpg,机智医生生活,8.6,https://movie.douban.com/subject/33464863/?tag=%E7%83%AD%E9%97%A8&from=gaia,剧情,22105,2016
https://img2.doubanio.com/view/photo/s_ratio_poster/public/p2650235053.jpg,爱你，维克托 第二季,9.4,https://movie.douban.com/subject/35169922/?tag=%E7%83%AD%E9%97%A8&from=gaia,剧情/喜剧/爱情/同性,99993,2020
https://img9.doubanio.com/view/photo/s_ratio_poster/public/p2634831926.jpg,司藤,8.1,https://movie.douban.com/subject/27605542/?tag=%E7%83%AD%E9%97%A8&from=gaia_video,剧情/爱情/奇幻,24229,2017
https://img9.doubanio.com/view/photo/s_ratio_poster/public/p2620216005.jpg,咒术回战,8.3,https://movie.douban.com/subject/34895145/?tag=%E7%83%AD%E9%97%A8&from=gaia_video,动画/惊悚/奇幻,50589,2017
https://img9.doubanio.com/view/photo/s_ratio_poster/public/p2632487996.jpg,猎鹰与冬兵,7.8,https://movie.douban.com/subject/30367642/?tag=%E7%83%AD%E9%97%A8&from=gaia,剧情/动作/科幻/冒险,33305,2018
https://img9.doubanio.com/view/photo/s_ratio_poster/public/p2645180055.jpg,非正式会谈 第6.5季,8.1,https://movie.douban.com/subject/35445014/?tag=%E7%83%AD%E9%97%A8&from=gaia_video,脱口秀,68327,2015
https://img9.doubanio.com/view/photo/s_ratio_poster/public/p2642657106.jpg,城市的边缘,4.7,https://movie.douban.com/subject/33438451/?tag=%E7%83%AD%E9%97%A8&from=gaia_video,剧情/喜剧/悬疑/犯罪,47492,2010
https://img9.doubanio.com/view/photo/s_ratio_poster/public/p2554916825.jpg,我们与恶的距离,9.0,https://movie.douban.com/subject/30181230/?tag=%E7%83%AD%E9%97%A8&from=gaia_video,剧情,49473,2021
https://img1.doubanio.com/view/photo/s_ratio_poster/public/p2543065068.jpg,真探 第三季,9.4,https://movie.douban.com/subject/27006232/?tag=%E7%83%AD%E9%97%A8&from=gaia_video,剧情/悬疑/犯罪,46662,2013
https://img9.doubanio.com/view/photo/s_ratio_poster/public/p2591643005.jpg,花好月又圆,9.6,https://movie.douban.com/subject/34963350/?tag=%E7%83%AD%E9%97%A8&from=gaia_video,喜剧/爱情/古装,71216,2010
https://img2.doubanio.com/view/photo/s_ratio_poster/public/p2656094561.jpg,青春须早为,9.1,https://movie.douban.com/subject/30230681/?tag=%E7%83%AD%E9%97%A8&from=gaia_video,剧情/爱情,69818,2017
https://img1.doubanio.com/view/photo/s_ratio_poster/public/p2510980927.jpg,灵笼,8.4,https://movie.douban.com/subject/27121260/?tag=%E7%83%AD%E9%97%A8&from=gaia_video,动作/科幻/动画/冒险,72910,2021
https://img2.doubanio.com/view/photo/s_ratio_poster/public/p2646085023.jpg,亚森·罗宾 第二季,8.7,https://movie.douban.com/subject/35345076/?tag=%E7%83%AD%E9%97%A8&from=gaia,剧情/动作/悬疑/犯罪,62834,2019
https://img2.doubanio.com/view/photo/s_ratio_poster/public/p2559266281.jpg,大宋少年志,9.5,https://movie.douban.com/subject/30170894/?tag=%E7%83%AD%E9%97%A8&from=gaia_video,悬疑/古装,31133,2012
https://img1.doubanio.com/view/photo/s_ratio_poster/public/p2649457919.jpg,一不小心捡到爱,8.9,https://movie.douban.com/subject/35082299/?tag=%E7%83%AD%E9%97%A8&from=gaia_video,爱情,94765,2013
https://img1.doubanio.com/view/photo/s_ratio_poster/public/p2589342098.jpg,365：逆转命运的1年,6.0,https://movie.douban.com/subject/34902595/?tag=%E7%83%AD%E9%97%A8&from=gaia,悬疑/惊悚/奇幻,7438,2012
https://img9.doubanio.com/view/photo/s_ratio_poster/public/p2189694504.jpg,潜伏,8.3,https://movie.douban.com/subject/3314870/?tag=%E7%83%AD%E9%97%A8&from=gaia_video,剧情/爱情,34237,2018
https://img2.doubanio.com/view/photo/s_ratio_poster/public/p2529669661.jpg,武林外传,8.1,https://movie.douban.com/subject/3882715/?tag=%E7%83%AD%E9%97%A8&from=gaia_video,喜剧/武侠/古装,85213,2012
https://img9.doubanio.com/view/photo/s_ratio_poster/public/p2643224105.jpg,窥探：捕食者,3.2,https://movie.douban.com/subject/35448891/?tag=%E7%83%AD%E9%97%A8&from=gaia,剧情/悬疑/犯罪,76943,2017
https://img2.doubanio.com/view/photo/s_ratio_poster/public/p2628058192.jpg,终极笔记,9.6,https://movie.douban.com/subject/34794707/?tag=%E7%83%AD%E9%97%A8&from=gaia_video,剧情/奇幻/冒险,75993,2021
https://img1.doubanio.com/view/photo/s_ratio_poster/public/p2619010287.jpg,画江湖之不良人4,9.1,https://movie.douban.com/subject/34896010/?tag=%E7%83%AD%E9%97%A8&from=gaia_video,动作/动画/武侠,82853,2015
https://img9.doubanio.com/view/photo/s_ratio_poster/public/p2197828404.jpg,海贼王,9.4,https://movie.douban.com/subject/1453238/?tag=%E7%83%AD%E9%97%A8&from=gaia_video,喜剧/动作/动画/奇幻/冒险,769,2015
https://img1.doubanio.com/view/photo/s_ratio_poster/public/p2609064048.jpg,隐秘的角落,9.6,https://movie.douban.com/subject/33404425/?tag=%E7%83%AD%E9%97%A8&from=gaia_video,剧情/悬疑/犯罪,47135,2015
https://img1.doubanio.com/view/photo/s_ratio_poster/public/p2648511667.jpg,雁归西窗月,8.0,https://movie.douban.com/subject/34950166/?tag=%E7%83%AD%E9%97%A8&from=gaia_video,爱情/古装,17737,2010
https://img9.doubanio.com/view/photo/s_ratio_poster/public/p2499430366.jpg,当你沉睡时,8.8,https://movie.douban.com/subject/26887064/?tag=%E7%83%AD%E9%97%A8&from=gaia,爱情/奇幻,19434,2021
https://img2.doubanio.com/view/photo/s_ratio_poster/public/p2640109051.jpg,百炼成钢,9.0,https://movie.douban.com/subject/35041925/?tag=%E7%83%AD%E9%97%A8&from=gaia,剧情/历史,36590,2016
https://img2.doubanio.com/view/photo/s_ratio_poster/public/p2620379341.jpg,风犬少年的天空,9.7,https://movie.douban.com/subject/30413128/?tag=%E7%83%AD%E9%97%A8&from=gaia_video,喜剧,53071,2020
https://img3.doubanio.com/view/photo/s_ratio_poster/public/p2516076870.jpg,壮志高飞,9.4,https://movie.douban.com/subject/27088998/?tag=%E7%83%AD%E9%97%A8&from=gaia_video,剧情,6664,2018
https://img2.doubanio.com/view/photo/s_ratio_poster/public/p1579021082.jpg,绝命毒师  第五季,7.4,https://movie.douban.com/subject/6952149/?tag=%E7%83%AD%E9%97%A8&from=gaia,剧情/犯罪,94880,2013
https://img2.doubanio.com/view/photo/s_ratio_poster/public/p2637124953.jpg,薇薇 -萤石眼之歌-,7.2,https://movie.douban.com/subject/35332489/?tag=%E7%83%AD%E9%97%A8&from=gaia,动画,78635,2016
https://img2.doubanio.com/view/photo/s_ratio_poster/public/p2506561091.jpg,机智牢房生活,8.7,https://movie.douban.com/subject/27081753/?tag=%E7%83%AD%E9%97%A8&from=gaia,剧情/喜剧,59461,2017
https://img9.doubanio.com/view/photo/s_ratio_poster/public/p2496903956.jpg,罗小黑战记,9.4,https://movie.douban.com/subject/10477598/?tag=%E7%83%AD%E9%97%A8&from=gaia_video,剧情/喜剧/动作/动画/奇幻,48580,2010
https://img9.doubanio.com/view/photo/s_ratio_poster/public/p2638102044.jpg,大发不动产,8.2,https://movie.douban.com/subject/35208342/?tag=%E7%83%AD%E9%97%A8&from=gaia,喜剧/爱情,75812,2016
https://img1.doubanio.com/view/photo/s_ratio_poster/public/p2562503627.jpg,凪的新生活,8.8,https://movie.douban.com/subject/33418567/?tag=%E7%83%AD%E9%97%A8&from=gaia_video,剧情,36545,2020
https://img1.doubanio.com/view/photo/s_ratio_poster/public/p2483150767.jpg,白夜追凶,8.2,https://movie.douban.com/subject/26883064/?tag=%E7%83%AD%E9%97%A8&from=gaia_video,剧情/悬疑/犯罪,91130,2020
https://img9.doubanio.com/view/photo/s_ratio_poster/public/p2554030915.jpg,红楼梦,9.5,https://movie.douban.com/subject/1864810/?tag=%E7%83%AD%E9%97%A8&from=gaia_video,剧情/爱情/古装,94015,2010
https://img3.doubanio.com/view/photo/s_ratio_poster/public/p2633280000.jpg,如蝶翩翩,9.2,https://movie.douban.com/subject/35033657/?tag=%E7%83%AD%E9%97%A8&from=gaia,剧情,62688,2017
https://img1.doubanio.com/view/photo/s_ratio_poster/public/p2641901729.jpg,模仿,9.7,https://movie.douban.com/subject/35231765/?tag=%E7%83%AD%E9%97%A8&from=gaia,剧情/音乐,58295,2018
https://img1.doubanio.com/view/photo/s_ratio_poster/public/p2640421409.jpg,怦然心动20岁,9.1,https://movie.douban.com/subject/35411560/?tag=%E7%83%AD%E9%97%A8&from=gaia_video,真人秀,15408,2021
https://img9.doubanio.com/view/photo/s_ratio_poster/public/p2623880325.jpg,棋魂,7.8,https://movie.douban.com/subject/27068009/?tag=%E7%83%AD%E9%97%A8&from=gaia_video,剧情/奇幻/运动,16864,2019
https://img1.doubanio.com/view/photo/s_ratio_poster/public/p2520568437.jpg,我的大叔,9.2,https://movie.douban.com/subject/27602137/?tag=%E7%83%AD%E9%97%A8&from=gaia,剧情,7058,2017
https://img1.doubanio.com/view/photo/s_ratio_poster/public/p2654955127.jpg,另一半的我和你,9.1,https://movie.douban.com/subject/35480814/?tag=%E7%83%AD%E9%97%A8&from=gaia_video,剧情/喜剧/爱情/科幻,55221,2020
https://img1.doubanio.com/view/photo/s_ratio_poster/public/p2593664928.jpg,龙岭迷窟,7.4,https://movie.douban.com/subject/30488569/?tag=%E7%83%AD%E9%97%A8&from=gaia_video,剧情/动作/冒险,19152,2015
https://img3.doubanio.com/view/photo/s_ratio_poster/public/p2402645080.jpg,孤单又灿烂的神：鬼怪,9.5,https://movie.douban.com/subject/26761935/?tag=%E7%83%AD%E9%97%A8&from=gaia,剧情,83962,2015
https://img9.doubanio.com/view/photo/s_ratio_poster/public/p2654750394.jpg,美好的日子,5.4,https://movie.douban.com/subject/34816468/?tag=%E7%83%AD%E9%97%A8&from=gaia_video,历史,64130,2012
https://img1.doubanio.com/view/photo/s_ratio_poster/public/p2644859987.jpg,不疯不狂不爱你,7.8,https://movie.douban.com/subject/35244278/?tag=%E7%83%AD%E9%97%A8&from=gaia,爱情,27858,2019
https://img1.doubanio.com/view/photo/s_ratio_poster/public/p2554351588.jpg,父母爱情,6.1,https://movie.douban.com/subject/19965220/?tag=%E7%83%AD%E9%97%A8&from=gaia_video,爱情/家庭,86606,2010
https://img2.doubanio.com/view/photo/s_ratio_poster/public/p2576977981.jpg,想见你,8.6,https://movie.douban.com/subject/30468961/?tag=%E7%83%AD%E9%97%A8&from=gaia_video,爱情/悬疑/奇幻,37464,2010
https://img1.doubanio.com/view/photo/s_ratio_poster/public/p2444453078.jpg,大明王朝1566,6.4,https://movie.douban.com/subject/2210001/?tag=%E7%83%AD%E9%97%A8&from=gaia_video,剧情/历史/古装,21188,2018
https://img3.doubanio.com/view/photo/s_ratio_poster/public/p2627783930.jpg,十三邀 第五季,7.6,https://movie.douban.com/subject/35173861/?tag=%E7%83%AD%E9%97%A8&from=gaia_video,真人秀,2312,2019
https://img2.doubanio.com/view/photo/s_ratio_poster/public/p2578234492.jpg,两不疑,6.6,https://movie.douban.com/subject/34925295/?tag=%E7%83%AD%E9%97%A8&from=gaia_video,剧情/喜剧/动画,1817,2016
https://img1.doubanio.com/view/photo/s_ratio_poster/public/p2304228229.jpg,信号,9.1,https://movie.douban.com/subject/26310143/?tag=%E7%83%AD%E9%97%A8&from=gaia_video,剧情/科幻/悬疑/犯罪,405,2017
https://img1.doubanio.com/view/photo/s_ratio_poster/public/p2551222097.jpg,鬼灭之刃,7.1,https://movie.douban.com/subject/30210221/?tag=%E7%83%AD%E9%97%A8&from=gaia_video,动画/奇幻,64549,2021
https://img2.doubanio.com/view/photo/s_ratio_poster/public/p2602398693.jpg,传闻中的陈芊芊,8.1,https://movie.douban.com/subject/34463197/?tag=%E7%83%AD%E9%97%A8&from=gaia_video,喜剧/爱情/奇幻/古装,62120,2018
https://img9.doubanio.com/view/photo/s_ratio_poster/public/p2631627815.jpg,机甲拳击 第二季,7.7,https://movie.douban.com/subject/34893332/?tag=%E7%83%AD%E9%97%A8&from=gaia_video,剧情/动画/运动,84930,2011
https://img1.doubanio.com/view/photo/s_ratio_poster/public/p2641982828.jpg,奔跑吧 第五季,8.2,https://movie.douban.com/subject/35209582/?tag=%E7%83%AD%E9%97%A8&from=gaia_video,运动/真人秀,34145,2017
https://img1.doubanio.com/view/photo/s_ratio_poster/public/p2641945679.jpg,盛装恋爱有理由,8.9,https://movie.douban.com/subject/35351345/?tag=%E7%83%AD%E9%97%A8&from=gaia,剧情/爱情,40979,2018
https://img2.doubanio.com/view/photo/s_ratio_poster/public/p2637797413.jpg,长歌行,6.7,https://movie.douban.com/subject/26926445/?tag=%E7%83%AD%E9%97%A8&from=gaia_video,剧情/古装,41060,2018
https://img2.doubanio.com/view/photo/s_ratio_poster/public/p2221539583.jpg,伪装者,9.2,https://movie.douban.com/subject/25994712/?tag=%E7%83%AD%E9%97%A8&from=gaia_video,剧情/悬疑,26259,2014
https://img9.doubanio.com/view/photo/s_ratio_poster/public/p2623496825.jpg,生活家,9.5,https://movie.douban.com/subject/35090111/?tag=%E7%83%AD%E9%97%A8&from=gaia_video,剧情/爱情/家庭,1137,2014
https://img3.doubanio.com/view/photo/s_ratio_poster/public/p2656713710.jpg,象牙山爱逗团,8.6,https://movie.douban.com/subject/35401283/?tag=%E7%83%AD%E9%97%A8&from=gaia,真人秀,86708,2019
https://img1.doubanio.com/view/photo/s_ratio_poster/public/p2633508588.jpg,顶楼 第二季,6.5,https://movie.douban.com/subject/35306371/?tag=%E7%83%AD%E9%97%A8&from=gaia,剧情,8390,2014
https://img9.doubanio.com/view/photo/s_ratio_poster/public/p2578827815.jpg,斗罗大陆,7.8,https://movie.douban.com/subject/30313969/?tag=%E7%83%AD%E9%97%A8&from=gaia_video,古装,61489,2012
https://img9.doubanio.com/view/photo/s_ratio_poster/public/p2566987435.jpg,俗女养成记,9.4,https://movie.douban.com/subject/34785763/?tag=%E7%83%AD%E9%97%A8&from=gaia_video,剧情/喜剧,60218,2018
https://img9.doubanio.com/view/photo/s_ratio_poster/public/p2531204796.jpg,重启之极海听雷 第一季,7.6,https://movie.douban.com/subject/27180943/?tag=%E7%83%AD%E9%97%A8&from=gaia_video,悬疑/冒险,19390,2011
https://img2.doubanio.com/view/photo/s_ratio_poster/public/p2655395291.jpg,独活女子的推荐,7.6,https://movie.douban.com/subject/35384315/?tag=%E7%83%AD%E9%97%A8&from=gaia,剧情,78863,2012
https://img9.doubanio.com/view/photo/s_ratio_poster/public/p2563766934.jpg,陈情令,8.7,https://movie.douban.com/subject/27195020/?tag=%E7%83%AD%E9%97%A8&from=gaia_video,剧情/古装,47857,2017
https://img2.doubanio.com/view/photo/s_ratio_poster/public/p2562953341.jpg,长安十二时辰,9.4,https://movie.douban.com/subject/26849758/?tag=%E7%83%AD%E9%97%A8&from=gaia_video,剧情/悬疑/古装,74082,2017
https://img2.doubanio.com/view/photo/s_ratio_poster/public/p2634927073.jpg,典籍里的中国,9.2,https://movie.douban.com/subject/35357321/?tag=%E7%83%AD%E9%97%A8&from=gaia_video,历史/真人秀,56181,2010
https://img9.doubanio.com/view/photo/s_ratio_poster/public/p2639891494.jpg,小舍得,8.4,https://movie.douban.com/subject/30170907/?tag=%E7%83%AD%E9%97%A8&from=gaia_video,剧情/家庭,89829,2021
https://img1.doubanio.com/view/photo/s_ratio_poster/public/p2653646928.jpg,白马公主 第一季,9.2,https://movie.douban.com/subject/35475412/?tag=%E7%83%AD%E9%97%A8&from=gaia,爱情/真人秀,44013,2019
https://img9.doubanio.com/view/photo/s_ratio_poster/public/p2583759735.jpg,我的天才女友 第二季,7.7,https://movie.douban.com/subject/30395843/?tag=%E7%83%AD%E9%97%A8&from=gaia_video,剧情,2877,2010
https://img9.doubanio.com/view/photo/s_ratio_poster/public/p2157884715.jpg,黄金小子,8.4,https://movie.douban.com/subject/1971681/?tag=%E7%83%AD%E9%97%A8&from=gaia,喜剧/动画,82745,2015
https://img2.doubanio.com/view/photo/s_ratio_poster/public/p2654330641.jpg,我和我的时光少年,8.0,https://movie.douban.com/subject/35067997/?tag=%E7%83%AD%E9%97%A8&from=gaia_video,剧情/爱情,67762,2020
https://img2.doubanio.com/view/photo/s_ratio_poster/public/p2635517102.jpg,秦岭神树,9.4,https://movie.douban.com/subject/35170378/?tag=%E7%83%AD%E9%97%A8&from=gaia,动画,91849,2019
https://img1.doubanio.com/view/photo/s_ratio_poster/public/p2026157878.jpg,新世纪福音战士,9.4,https://movie.douban.com/subject/1457573/?tag=%E7%83%AD%E9%97%A8&from=gaia_video,剧情/科幻/动画,76737,2013
https://img1.doubanio.com/view/photo/s_ratio_poster/public/p2653061549.jpg,灵探特莱丝,8.2,https://movie.douban.com/subject/35236717/?tag=%E7%83%AD%E9%97%A8&from=gaia,动作/科幻/动画/悬疑/恐怖/犯罪/奇幻/冒险,12231,2012
https://img2.doubanio.com/view/photo/s_ratio_poster/public/p2633307533.jpg,文森佐,5.3,https://movie.douban.com/subject/35131278/?tag=%E7%83%AD%E9%97%A8&from=gaia,剧情/喜剧/动作/爱情,88498,2021
https://img1.doubanio.com/view/photo/s_ratio_poster/public/p2425741229.jpg,过把瘾,9.7,https://movie.douban.com/subject/2264216/?tag=%E7%83%AD%E9%97%A8&from=gaia_video,剧情,37198,2013
https://img1.doubanio.com/view/photo/s_ratio_poster/public/p2632433599.jpg,锵锵行天下 第二季,8.7,https://movie.douban.com/subject/35356724/?tag=%E7%83%AD%E9%97%A8&from=gaia_video,脱口秀,53616,2021
https://img9.doubanio.com/view/photo/s_ratio_poster/public/p2573147295.jpg,去他*的世界 第二季,7.5,https://movie.douban.com/subject/27625457/?tag=%E7%83%AD%E9%97%A8&from=gaia,剧情/喜剧/爱情/冒险,51646,2014
https://img2.doubanio.com/view/photo/s_ratio_poster/public/p2400201631.jpg,逃避虽可耻但有用,7.0,https://movie.douban.com/subject/26816519/?tag=%E7%83%AD%E9%97%A8&from=gaia_video,喜剧,91453,2016
https://img1.doubanio.com/view/photo/s_ratio_poster/public/p1161392417.jpg,绝望主妇  第八季,9.4,https://movie.douban.com/subject/6778677/?tag=%E7%83%AD%E9%97%A8&from=gaia,剧情/喜剧/爱情,97118,2019
https://img9.doubanio.com/view/photo/s_ratio_poster/public/p2641192535.jpg,芸芸众生,8.0,https://movie.douban.com/subject/35350572/?tag=%E7%83%AD%E9%97%A8&from=gaia,科幻,47126,2014
https://img2.doubanio.com/view/photo/s_ratio_poster/public/p2649113562.jpg,心向快乐 第二季,9.2,https://movie.douban.com/subject/35279617/?tag=%E7%83%AD%E9%97%A8&from=gaia,剧情/喜剧/爱情,97529,2015
https://img3.doubanio.com/view/photo/s_ratio_poster/public/p2423081660.jpg,大力女子都奉顺,9.3,https://movie.douban.com/subject/26815054/?tag=%E7%83%AD%E9%97%A8&from=gaia,剧情,48277,2015
https://img9.doubanio.com/view/photo/s_ratio_poster/public/p2569867115.jpg,小谢尔顿 第四季,8.8,https://movie.douban.com/subject/30467486/?tag=%E7%83%AD%E9%97%A8&from=gaia,喜剧,67514,2018
https://img2.doubanio.com/view/photo/s_ratio_poster/public/p1901775591.jpg,胜者即是正义,9.6,https://movie.douban.com/subject/10491666/?tag=%E7%83%AD%E9%97%A8&from=gaia,剧情/喜剧/犯罪,3291,2011
https://img9.doubanio.com/view/photo/s_ratio_poster/public/p2447076676.jpg,越狱 第五季,6.8,https://movie.douban.com/subject/26416957/?tag=%E7%83%AD%E9%97%A8&from=gaia,剧情/动作/犯罪,36202,2018
https://img9.doubanio.com/view/photo/s_ratio_poster/public/p2638597544.jpg,极限挑战 第七季,8.2,https://movie.douban.com/subject/35268503/?tag=%E7%83%AD%E9%97%A8&from=gaia_video,真人秀,72664,2011
https://img2.doubanio.com/view/photo/s_ratio_poster/public/p2607141792.jpg,瑞克和莫蒂 第四季,8.3,https://movie.douban.com/subject/27166039/?tag=%E7%83%AD%E9%97%A8&from=gaia_video,科幻/动画/冒险,95604,2019
https://img2.doubanio.com/view/photo/s_ratio_poster/public/p2606299262.jpg,恶之花,9.1,https://movie.douban.com/subject/34948080/?tag=%E7%83%AD%E9%97%A8&from=gaia,剧情,74906,2011
https://img9.doubanio.com/view/photo/s_ratio_poster/public/p2620576386.jpg,良医 第四季,8.0,https://movie.douban.com/subject/34965846/?tag=%E7%83%AD%E9%97%A8&from=gaia,剧情,16202,2010
https://img1.doubanio.com/view/photo/s_ratio_poster/public/p2617615588.jpg,重启之极海听雷 第二季,7.5,https://movie.douban.com/subject/35182499/?tag=%E7%83%AD%E9%97%A8&from=gaia_video,悬疑/冒险,13533,2014
https://img9.doubanio.com/view/photo/s_ratio_poster/public/p2605274206.jpg,进击的巨人 最终季,6.1,https://movie.douban.com/subject/33440021/?tag=%E7%83%AD%E9%97%A8&from=gaia,动画,5421,2015
https://img2.doubanio.com/view/photo/s_ratio_poster/public/p2367309411.jpg,W-两个世界,8.8,https://movie.douban.com/subject/26727298/?tag=%E7%83%AD%E9%97%A8&from=gaia_video,爱情/奇幻,97573,2017
https://img9.doubanio.com/view/photo/s_ratio_poster/public/p2411814194.jpg,半泽直树,8.9,https://movie.douban.com/subject/24697949/?tag=%E7%83%AD%E9%97%A8&from=gaia_video,剧情,82967,2011
https://img2.doubanio.com/view/photo/s_ratio_poster/public/p2264946501.jpg,我们的法兰西岁月,8.0,https://movie.douban.com/subject/6018955/?tag=%E7%83%AD%E9%97%A8&from=gaia_video,剧情/历史,88687,2010
https://img3.doubanio.com/view/photo/s_ratio_poster/public/p2638359310.jpg,使女的故事 第四季,8.4,https://movie.douban.com/subject/34699655/?tag=%E7%83%AD%E9%97%A8&from=gaia,剧情/科幻/惊悚,37425,2013
https://img9.doubanio.com/view/photo/s_ratio_poster/public/p2225808366.jpg,钢之炼金术师FA,8.7,https://movie.douban.com/subject/3430169/?tag=%E7%83%AD%E9%97%A8&from=gaia_video,剧情/动作/动画/奇幻/冒险,4358,2017
https://img9.doubanio.com/view/photo/s_ratio_poster/public/p2558381556.jpg,黑镜 第五季,6.3,https://movie.douban.com/subject/30161936/?tag=%E7%83%AD%E9%97%A8&from=gaia,剧情/科幻/惊悚,91758,2011
https://img9.doubanio.com/view/photo/s_ratio_poster/public/p2576067296.jpg,如此可爱的我们,9.2,https://movie.douban.com/subject/34801099/?tag=%E7%83%AD%E9%97%A8&from=gaia_video,剧情/喜剧/爱情/家庭,86050,2015
https://img1.doubanio.com/view/photo/s_ratio_poster/public/p2452241358.jpg,人民的名义,9.2,https://movie.douban.com/subject/26727273/?tag=%E7%83%AD%E9%97%A8&from=gaia_video,剧情/悬疑/犯罪,67637,2018
https://img9.doubanio.com/view/photo/s_ratio_poster/public/p2588072875.jpg,性爱自修室 第二季,9.5,https://movie.douban.com/subject/30438115/?tag=%E7%83%AD%E9%97%A8&from=gaia,剧情/喜剧,37248,2011
https://img2.doubanio.com/view/photo/s_ratio_poster/public/p2629002703.jpg,风声,9.4,https://movie.douban.com/subject/27068534/?tag=%E7%83%AD%E9%97%A8&from=gaia_video,剧情/悬疑/战争,34629,2020
https://img1.doubanio.com/view/photo/s_ratio_poster/public/p2460165077.jpg,如懿传,7.7,https://movie.douban.com/subject/25812730/?tag=%E7%83%AD%E9%97%A8&from=gaia,剧情/历史/古装,49186,2021
https://img9.doubanio.com/view/photo/s_ratio_poster/public/p2641609906.jpg,乌鸦小姐与蜥蜴先生,9.1,https://movie.douban.com/subject/35005204/?tag=%E7%83%AD%E9%97%A8&from=gaia_video,剧情/爱情/奇幻,67436,2012
https://img2.doubanio.com/view/photo/s_ratio_poster/public/p2634460351.jpg,骇人来电,8.3,https://movie.douban.com/subject/33390298/?tag=%E7%83%AD%E9%97%A8&from=gaia,剧情/悬疑/惊悚/恐怖,32760,2014
https://img3.doubanio.com/view/photo/s_ratio_poster/public/p2299407300.jpg,最好的我们,9.8,https://movie.douban.com/subject/26602244/?tag=%E7%83%AD%E9%97%A8&from=gaia_video,剧情/爱情,12727,2020
https://img9.doubanio.com/view/photo/s_ratio_poster/public/p2568262854.jpg,浪客行,9.7,https://movie.douban.com/subject/27153693/?tag=%E7%83%AD%E9%97%A8&from=gaia,动作/爱情/惊悚,59071,2018
https://img1.doubanio.com/view/photo/s_ratio_poster/public/p2635389328.jpg,若是一个人,9.2,https://movie.douban.com/subject/34852346/?tag=%E7%83%AD%E9%97%A8&from=gaia_video,剧情/爱情,23053,2018
https://img9.doubanio.com/view/photo/s_ratio_poster/public/p2643158714.jpg,柯明斯基理论 第三季,8.6,https://movie.douban.com/subject/35127542/?tag=%E7%83%AD%E9%97%A8&from=gaia,喜剧,48647,2016
https://img9.doubanio.com/view/photo/s_ratio_poster/public/p2574775186.jpg,镇魂街 第二季,6.7,https://movie.douban.com/subject/26903977/?tag=%E7%83%AD%E9%97%A8&from=gaia_video,剧情/动作/动画/奇幻,36572,2010
https://img1.doubanio.com/view/photo/s_ratio_poster/public/p2235972558.jpg,名侦探柯南,9.3,https://movie.douban.com/subject/1463371/?tag=%E7%83%AD%E9%97%A8&from=gaia_video,动作/动画/悬疑/惊悚/犯罪,74080,2015
https://img2.doubanio.com/view/photo/s_ratio_poster/public/p2634439082.jpg,小小少年,8.3,https://movie.douban.com/subject/34792325/?tag=%E7%83%AD%E9%97%A8&from=gaia_video,纪录片,97970,2018
https://img9.doubanio.com/view/photo/s_ratio_poster/public/p2634927024.jpg,出差十五夜,9.7,https://movie.douban.com/subject/35384036/?tag=%E7%83%AD%E9%97%A8&from=gaia,真人秀,82782,2016
https://img1.doubanio.com/view/photo/s_ratio_poster/public/p900419027.jpg,亮剑,9.3,https://movie.douban.com/subject/2254648/?tag=%E7%83%AD%E9%97%A8&from=gaia_video,剧情/战争,77882,2012
https://img9.doubanio.com/view/photo/s_ratio_poster/public/p2643245925.jpg,离婚活动,9.3,https://movie.douban.com/subject/35363238/?tag=%E7%83%AD%E9%97%A8&from=gaia,爱情,85666,2015
https://img1.doubanio.com/view/photo/s_ratio_poster/public/p2631154727.jpg,伍六七之玄武国篇,8.1,https://movie.douban.com/subject/35161255/?tag=%E7%83%AD%E9%97%A8&from=gaia_video,剧情/喜剧/动作/动画,8578,2016
https://img3.doubanio.com/view/photo/s_ratio_poster/public/p2573288350.jpg,爱的迫降,8.0,https://movie.douban.com/subject/33425578/?tag=%E7%83%AD%E9%97%A8&from=gaia,剧情/喜剧/爱情,26781,2011
https://img1.doubanio.com/view/photo/s_ratio_poster/public/p2626891597.jpg,以你的心诠释我的爱 幕后花絮,6.4,https://movie.douban.com/subject/35265428/?tag=%E7%83%AD%E9%97%A8&from=gaia,纪录片,849,2012
https://img9.doubanio.com/view/photo/s_ratio_poster/public/p2328449064.jpg,走向共和,8.2,https://movie.douban.com/subject/1441794/?tag=%E7%83%AD%E9%97%A8&from=gaia_video,剧情/历史,7731,2020
https://img1.doubanio.com/view/photo/s_ratio_poster/public/p2623426228.jpg,王冠 第四季,8.4,https://movie.douban.com/subject/27182503/?tag=%E7%83%AD%E9%97%A8&from=gaia,剧情/历史,87523,2020
https://img9.doubanio.com/view/photo/s_ratio_poster/public/p2595064425.jpg,正常人,9.7,https://movie.douban.com/subject/33477335/?tag=%E7%83%AD%E9%97%A8&from=gaia_video,剧情/爱情,30143,2015
https://img3.doubanio.com/view/photo/s_ratio_poster/public/p2614081670.jpg,三十而已,7.6,https://movie.douban.com/subject/26608230/?tag=%E7%83%AD%E9%97%A8&from=gaia_video,剧情/家庭,64198,2016
https://img2.doubanio.com/view/photo/s_ratio_poster/public/p2622493041.jpg,我们这一天 第五季,8.5,https://movie.douban.com/subject/33444118/?tag=%E7%83%AD%E9%97%A8&from=gaia,剧情/喜剧/爱情,82062,2013
https://img1.doubanio.com/view/photo/s_ratio_poster/public/p2209805848.jpg,匹诺曹,7.5,https://movie.douban.com/subject/25928794/?tag=%E7%83%AD%E9%97%A8&from=gaia,剧情/爱情,11686,2020
https://img2.doubanio.com/view/photo/s_ratio_poster/public/p2231672392.jpg,河西走廊,9.2,https://movie.douban.com/subject/24736278/?tag=%E7%83%AD%E9%97%A8&from=gaia_video,纪录片,33796,2014
https://img9.doubanio.com/view/photo/s_ratio_poster/public/p2460119184.jpg,秘密森林,9.4,https://movie.douban.com/subject/26934346/?tag=%E7%83%AD%E9%97%A8&from=gaia,剧情/悬疑/惊悚/犯罪,15182,2014
https://img9.doubanio.com/view/photo/s_ratio_poster/public/p2571504716.jpg,浴血黑帮 第五季,9.7,https://movie.douban.com/subject/26803472/?tag=%E7%83%AD%E9%97%A8&from=gaia,剧情/犯罪,3989,2020
https://img9.doubanio.com/view/photo/s_ratio_poster/public/p2642893965.jpg,龙樱2,3.8,https://movie.douban.com/subject/34906700/?tag=%E7%83%AD%E9%97%A8&from=gaia,剧情,48843,2019
https://img2.doubanio.com/view/photo/s_ratio_poster/public/p2617261901.jpg,摩天大楼,8.9,https://movie.douban.com/subject/33393274/?tag=%E7%83%AD%E9%97%A8&from=gaia_video,悬疑/犯罪,89196,2015
https://img9.doubanio.com/view/photo/s_ratio_poster/public/p2641974524.jpg,谁是宝藏歌手,9.0,https://movie.douban.com/subject/35412360/?tag=%E7%83%AD%E9%97%A8&from=gaia,音乐/真人秀,70774,2019
https://img1.doubanio.com/view/photo/s_ratio_poster/public/p2616835129.jpg,再次十八岁,9.0,https://movie.douban.com/subject/34970109/?tag=%E7%83%AD%E9%97%A8&from=gaia,剧情/奇幻,1399,2016
https://img1.doubanio.com/view/photo/s_ratio_poster/public/p2593033597.jpg,杀死伊芙 第三季,7.8,https://movie.douban.com/subject/32509356/?tag=%E7%83%AD%E9%97%A8&from=gaia_video,剧情/惊悚,91640,2014
https://img9.doubanio.com/view/photo/s_ratio_poster/public/p2445459194.jpg,灌篮高手,6.1,https://movie.douban.com/subject/1998799/?tag=%E7%83%AD%E9%97%A8&from=gaia_video,喜剧/动画/运动,6489,2015
https://img1.doubanio.com/view/photo/s_ratio_poster/public/p2398864969.jpg,蓝色大海的传说,8.8,https://movie.douban.com/subject/26806061/?tag=%E7%83%AD%E9%97%A8&from=gaia,爱情/奇幻,1079,2018
https://img2.doubanio.com/view/photo/s_ratio_poster/public/p2426595773.jpg,破产姐妹 第六季,9.4,https://movie.douban.com/subject/26758799/?tag=%E7%83%AD%E9%97%A8&from=gaia_video,喜剧,92959,2013
https://img1.doubanio.com/view/photo/s_ratio_poster/public/p2651276009.jpg,太空有点烫,7.8,https://movie.douban.com/subject/34925690/?tag=%E7%83%AD%E9%97%A8&from=gaia_video,喜剧/科幻,12633,2016
https://img2.doubanio.com/view/photo/s_ratio_poster/public/p2576600103.jpg,琉璃,6.4,https://movie.douban.com/subject/30358061/?tag=%E7%83%AD%E9%97%A8&from=gaia_video,剧情,73051,2017
https://img2.doubanio.com/view/photo/s_ratio_poster/public/p2374798402.jpg,天道,5.0,https://movie.douban.com/subject/2347485/?tag=%E7%83%AD%E9%97%A8&from=gaia_video,剧情,66553,2012
https://img1.doubanio.com/view/photo/s_ratio_poster/public/p2340869957.jpg,疑犯追踪 第五季,5.0,https://movie.douban.com/subject/26387813/?tag=%E7%83%AD%E9%97%A8&from=gaia,剧情,58787,2014
https://img1.doubanio.com/view/photo/s_ratio_poster/public/p2011424828.jpg,星际牛仔,5.0,https://movie.douban.com/subject/1424406/?tag=%E7%83%AD%E9%97%A8&from=gaia,剧情,68730,2010
https://img9.doubanio.com/view/photo/s_ratio_poster/public/p2615897926.jpg,遇龙,5.0,https://movie.douban.com/subject/34912918/?tag=%E7%83%AD%E9%97%A8&from=gaia_video,剧情,30393,2019
https://img2.doubanio.com/view/photo/s_ratio_poster/public/p2628760333.jpg,大江大河2,5.0,https://movie.douban.com/subject/30423905/?tag=%E7%83%AD%E9%97%A8&from=gaia_video,剧情,41999,2010
https://img1.doubanio.com/view/photo/s_ratio_poster/public/p2568719989.jpg,真相捕捉 第一季,5.0,https://movie.douban.com/subject/30305530/?tag=%E7%83%AD%E9%97%A8&from=gaia_video,剧情,51893,2018
https://img1.doubanio.com/view/photo/s_ratio_poster/public/p2324023628.jpg,幸福谷 第二季,5.0,https://movie.douban.com/subject/26311990/?tag=%E7%83%AD%E9%97%A8&from=gaia,剧情,69034,2015
https://img1.doubanio.com/view/photo/s_ratio_poster/public/p2537131688.jpg,知否知否应是绿肥红瘦,5.0,https://movie.douban.com/subject/26928226/?tag=%E7%83%AD%E9%97%A8&from=gaia_video,剧情,44534,2012
https://img1.doubanio.com/view/photo/s_ratio_poster/public/p2652462648.jpg,隐秘的细节,5.0,https://movie.douban.com/subject/35472119/?tag=%E7%83%AD%E9%97%A8&from=gaia,剧情,32989,2018
https://img9.doubanio.com/view/photo/s_ratio_poster/public/p2552503815.jpg,权力的游戏 第八季,5.0,https://movie.douban.com/subject/26584183/?tag=%E7%83%AD%E9%97%A8&from=gaia_video,剧情,58590,2019
https://img3.doubanio.com/view/photo/s_ratio_poster/public/p2541093820.jpg,大江大河,5.0,https://movie.douban.com/subject/26797690/?tag=%E7%83%AD%E9%97%A8&from=gaia_video,剧情,67480,2017
https://img2.doubanio.com/view/photo/s_ratio_poster/public/p2614524892.jpg,东京爱情故事,5.0,https://movie.douban.com/subject/1438760/?tag=%E7%83%AD%E9%97%A8&from=gaia_video,剧情,59505,2017
https://img9.doubanio.com/view/photo/s_ratio_poster/public/p2628425414.jpg,甜蜜家园,5.0,https://movie.douban.com/subject/34858078/?tag=%E7%83%AD%E9%97%A8&from=gaia,剧情,80625,2012
https://img9.doubanio.com/view/photo/s_ratio_poster/public/p2633779065.jpg,赘婿,5.0,https://movie.douban.com/subject/27148168/?tag=%E7%83%AD%E9%97%A8&from=gaia_video,剧情,85100,2013
